frame,elapsed_s
0,0.000003
1,0.244025
2,0.283420
3,0.321038
4,0.358523
5,0.395917
6,0.433173
7,0.470085
8,0.509131
9,0.547206
10,0.585144
11,0.623579
12,0.661532
13,0.699833
14,0.737394
15,0.775524
16,0.813036
17,0.850603
18,0.888475
19,0.925843
20,0.963698
21,1.001182
22,1.041329
23,1.079810
24,1.119082
25,1.157114
26,1.195138
27,1.232496
28,1.269511
29,1.306445
30,1.343541
31,1.380434
32,1.418483
33,1.455768
34,1.493395
35,1.531088
36,1.568271
37,1.605033
38,1.642114
39,1.679379
40,1.716535
41,1.754432
42,1.793831
43,1.832144
44,1.869834
45,1.907367
46,1.944487
47,1.981729
48,2.019272
49,2.058440
50,2.098931
51,2.136976
52,2.174588
53,2.211869
54,2.249703
55,2.287369
56,2.325008
57,2.362971
58,2.400539
59,2.438135
60,2.476455
61,2.514626
62,2.552644
63,2.590446
64,2.628360
65,2.666741
66,2.704668
67,2.742432
68,2.780994
69,2.818693
70,2.857476
71,2.895164
72,2.933745
73,2.971665
74,3.009508
75,3.047505
76,3.085833
77,3.123986
78,3.161210
79,3.198685
80,3.237428
81,3.274924
82,3.312352
83,3.350147
84,3.387773
85,3.425299
86,3.462583
87,3.500215
88,3.537864
89,3.575318
90,3.613081
91,3.650494
92,3.688308
93,3.726954
94,3.765507
95,3.803315
96,3.841730
97,3.879849
98,3.919071
99,3.959139
100,3.998938
101,4.037304
102,4.074933
103,4.112944
104,4.150039
105,4.187920
106,4.226411
107,4.263201
108,4.300208
109,4.337904
110,4.374857
111,4.412383
112,4.449743
113,4.485871
114,4.523502
115,4.561290
116,4.598951
117,4.636823
118,4.674633
119,4.712143
120,4.749548
121,4.787236
122,4.824784
123,4.862045
124,4.899776
125,4.937883
126,4.976068
127,5.014307
128,5.051492
129,5.089179
130,5.127626
131,5.165251
132,5.203428
133,5.241065
134,5.279232
135,5.317455
136,5.355705
137,5.392905
138,5.430269
139,5.468418
140,5.506231
141,5.544159
142,5.582656
143,5.621418
144,5.659923
145,5.699108
146,5.737404
147,5.775584
148,5.813697
149,5.851557
150,5.889112
151,5.927101
152,5.965355
153,6.002848
154,6.040228
155,6.077089
156,6.114495
157,6.151985
158,6.190136
159,6.227673
160,6.265686
161,6.303481
162,6.341562
163,6.378413
164,6.417923
165,6.455275
166,6.493087
167,6.530747
168,6.568552
169,6.607046
170,6.645124
171,6.682913
172,6.721164
173,6.758644
174,6.796666
175,6.834907
176,6.872473
177,6.910064
178,6.947494
179,6.984865
180,7.022184
181,7.059392
182,7.096516
183,7.134262
184,7.172284
185,7.210474
186,7.248407
187,7.285432
188,7.321995
189,7.360231
190,7.397653
191,7.435504
192,7.475056
193,7.514391
194,7.553128
195,7.590764
196,7.627971
197,7.665461
198,7.703693
199,7.742484
200,7.779311
201,7.816327
202,7.853527
203,7.890368
204,7.926604
205,7.963238
206,8.000260
207,8.037854
208,8.075336
209,8.116141
210,8.153106
211,8.189365
212,8.226177
213,8.262090
214,8.298887
215,8.335248
216,8.372359
217,8.409084
218,8.446318
219,8.483448
220,8.520071
221,8.556931
222,8.593600
223,8.630368
224,8.667652
225,8.704907
226,8.743180
227,8.781023
228,8.818115
229,8.854552
230,8.891219
231,8.928192
232,8.964921
233,9.001636
234,9.038673
235,9.075268
236,9.112117
237,9.148704
238,9.184836
239,9.221657
240,9.258139
241,9.294631
242,9.331196
243,9.367982
244,9.405506
245,9.443137
246,9.480520
247,9.517436
248,9.554005
249,9.590920
250,9.628477
251,9.664696
252,9.700973
253,9.737730
254,9.774629
255,9.810969
256,9.847441
257,9.884071
258,9.921024
259,9.957477
260,9.994100
261,10.030504
262,10.067432
263,10.103358
264,10.139842
265,10.176581
266,10.214236
267,10.250603
268,10.287811
269,10.324280
270,10.361057
271,10.397806
272,10.434998
273,10.472145
274,10.508805
275,10.545990
276,10.582752
277,10.619467
278,10.656440
279,10.693992
280,10.731019
281,10.767876
282,10.804772
283,10.842203
284,10.879131
285,10.916105
286,10.953287
287,10.991305
288,11.028597
289,11.065103
290,11.102258
291,11.139030
292,11.176088
293,11.212908
294,11.249892
295,11.287230
296,11.324086
297,11.361446
298,11.398058
299,11.435699
300,11.473648
301,11.511053
302,11.548564
303,11.585327
304,11.622862
305,11.659600
306,11.696274
307,11.733087
308,11.770799
309,11.807632
310,11.844097
311,11.880771
312,11.917216
313,11.952966
314,11.989349
315,12.026102
316,12.063016
317,12.099493
318,12.136161
319,12.172604
320,12.209370
321,12.245565
322,12.282334
323,12.318409
324,12.355593
325,12.392530
326,12.429372
327,12.466741
328,12.504037
329,12.541321
330,12.578307
331,12.614951
332,12.651969
