frame,elapsed_ms,deadline_ms
0,18,0
1,71,50
2,117,100
3,179,150
4,225,200
5,275,250
6,324,300
7,370,350
8,419,400
9,463,450
10,526,500
11,575,550
12,621,600
13,667,650
14,713,700
15,779,750
16,826,800
17,871,850
18,921,900
19,970,950
20,1030,1000
21,1082,1050
22,1125,1100
23,1172,1150
24,1221,1200
25,1267,1250
26,1312,1300
27,1375,1350
28,1426,1400
29,1473,1450
30,1520,1500
31,1569,1550
32,1614,1600
33,1677,1650
34,1721,1700
35,1771,1750
36,1818,1800
37,1865,1850
38,1927,1900
39,1976,1950
40,2021,2000
41,2068,2050
42,2114,2100
43,2178,2150
44,2222,2200
45,2268,2250
46,2330,2300
47,2376,2350
48,2421,2400
49,2473,2450
50,2517,2500
51,2581,2550
52,2625,2600
53,2672,2650
54,2717,2700
55,2769,2750
56,2831,2800
57,2876,2850
58,2922,2900
59,2968,2950
60,3013,3000
61,3080,3050
62,3126,3100
63,3171,3150
64,3218,3200
65,3267,3250
66,3330,3300
67,3376,3350
68,3421,3400
69,3467,3450
70,3518,3500
71,3580,3550
72,3627,3600
73,3673,3650
74,3719,3700
75,3763,3750
76,3825,3800
77,3873,3850
78,3922,3900
79,3968,3950
80,4031,4000
81,4077,4050
82,4123,4100
83,4168,4150
84,4231,4200
85,4276,4250
86,4321,4300
87,4369,4350
88,4418,4400
89,4481,4450
90,4527,4500
91,4572,4550
92,4620,4600
93,4677,4650
94,4722,4700
95,4768,4750
96,4813,4800
97,4876,4850
98,4926,4900
99,4974,4950
100,5019,5000
101,5077,5050
102,5127,5100
103,5171,5150
104,5219,5200
105,5263,5250
106,5326,5300
107,5372,5350
108,5421,5400
109,5468,5450
110,5530,5500
111,5575,5550
112,5622,5600
113,5668,5650
114,5714,5700
115,5775,5750
116,5822,5800
117,5872,5850
118,5918,5900
119,5963,5950
120,6026,6000
121,6071,6050
122,6123,6100
123,6168,6150
124,6217,6200
125,6263,6250
126,6326,6300
127,6376,6350
128,6421,6400
129,6467,6450
130,6518,6500
131,6580,6550
132,6626,6600
133,6678,6650
134,6721,6700
135,6771,6750
136,6817,6800
137,6864,6850
138,6926,6900
139,6977,6950
140,7024,7000
141,7069,7050
142,7120,7100
143,7166,7150
144,7228,7200
145,7273,7250
146,7323,7300
147,7369,7350
148,7417,7400
149,7481,7450
150,7526,7500
151,7578,7550
152,7625,7600
153,7669,7650
154,7719,7700
155,7778,7750
156,7827,7800
157,7874,7850
158,7920,7900
159,7970,7950
160,8016,8000
161,8081,8050
162,8129,8100
163,8174,8150
164,8223,8200
165,8268,8250
166,8316,8300
167,8378,8350
168,8427,8400
169,8474,8450
170,8521,8500
171,8566,8550
172,8633,8600
173,8677,8650
174,8728,8700
175,8773,8750
176,8819,8800
177,8864,8850
178,8928,8900
179,8977,8950
180,9023,9000
181,9070,9050
182,9119,9100
183,9165,9150
184,9228,9200
185,9277,9250
186,9323,9300
187,9374,9350
188,9419,9400
189,9465,9450
190,9527,9500
191,9578,9550
192,9624,9600
193,9674,9650
194,9720,9700
195,9770,9750
196,9827,9800
197,9878,9850
198,9923,9900
199,9973,9950
200,10020,10000
201,10069,10050
202,10116,10100
203,10177,10150
204,10227,10200
205,10273,10250
206,10325,10300
207,10369,10350
208,10419,10400
209,10465,10450
210,10528,10500
211,10575,10550
212,10618,10600
213,10669,10650
214,10716,10700
215,10783,10750
216,10827,10800
217,10872,10850
218,10924,10900
219,10969,10950
220,11020,11000
221,11066,11050
222,11127,11100
223,11175,11150
224,11223,11200
225,11270,11250
226,11322,11300
227,11366,11350
228,11430,11400
229,11475,11450
230,11526,11500
231,11570,11550
232,11622,11600
233,11667,11650
234,11728,11700
235,11774,11750
236,11825,11800
237,11869,11850
238,11919,11900
239,11965,11950
240,12027,12000
241,12075,12050
242,12123,12100
243,12171,12150
244,12219,12200
245,12283,12250
246,12327,12300
247,12375,12350
248,12420,12400
249,12470,12450
250,12517,12500
251,12578,12550
252,12628,12600
253,12675,12650
254,12720,12700
255,12770,12750
256,12816,12800
257,12878,12850
258,12928,12900
259,12975,12950
260,13019,13000
261,13065,13050
262,13133,13100
263,13178,13150
264,13225,13200
265,13274,13250
266,13321,13300
267,13365,13350
268,13428,13400
269,13478,13450
270,13524,13500
271,13574,13550
272,13621,13600
273,13666,13650
274,13729,13700
275,13778,13750
276,13824,13800
277,13874,13850
278,13919,13900
279,13966,13950
280,14029,14000
281,14073,14050
282,14124,14100
283,14170,14150
284,14221,14200
285,14266,14250
286,14328,14300
287,14378,14350
288,14423,14400
289,14474,14450
290,14520,14500
291,14565,14550
292,14632,14600
293,14679,14650
294,14724,14700
295,14774,14750
296,14821,14800
297,14871,14850
298,14917,14900
299,14980,14950
300,15027,15000
301,15075,15050
302,15119,15100
303,15165,15150
304,15229,15200
305,15279,15250
306,15327,15300
307,15374,15350
308,15420,15400
309,15465,15450
310,15527,15500
311,15579,15550
312,15628,15600
313,15670,15650
314,15722,15700
315,15766,15750
316,15828,15800
317,15879,15850
318,15926,15900
319,15975,15950
320,16024,16000
321,16066,16050
322,16130,16100
323,16178,16150
324,16225,16200
325,16274,16250
326,16320,16300
327,16374,16350
328,16419,16400
329,16479,16450
330,16526,16500
331,16570,16550
332,16616,16600
333,16667,16650
334,16729,16700
335,16774,16750
336,16820,16800
337,16871,16850
338,16917,16900
339,16979,16950
340,17029,17000
341,17074,17050
342,17123,17100
343,17170,17150
344,17233,17200
345,17277,17250
346,17328,17300
347,17374,17350
348,17425,17400
349,17470,17450
350,17517,17500
351,17578,17550
352,17628,17600
353,17673,17650
354,17725,17700
355,17772,17750
356,17817,17800
357,17882,17850
358,17929,17900
359,17975,17950
360,18025,18000
361,18069,18050
362,18115,18100
363,18181,18150
364,18227,18200
365,18272,18250
366,18321,18300
367,18368,18350
368,18420,18400
369,18482,18450
370,18527,18500
371,18576,18550
372,18622,18600
373,18667,18650
374,18718,18700
375,18781,18750
376,18827,18800
377,18876,18850
378,18922,18900
379,18968,18950
380,19018,19000
381,19077,19050
382,19126,19100
383,19172,19150
384,19218,19200
385,19267,19250
386,19330,19300
387,19376,19350
388,19426,19400
389,19472,19450
390,19519,19500
391,19580,19550
392,19626,19600
393,19677,19650
394,19721,19700
395,19773,19750
396,19818,19800
397,19864,19850
398,19930,19900
399,19978,19950
400,20023,20000
401,20069,20050
402,20118,20100
403,20178,20150
404,20227,20200
405,20273,20250
406,20318,20300
407,20368,20350
408,20432,20400
409,20476,20450
410,20527,20500
411,20571,20550
412,20617,20600
413,20668,20650
414,20732,20700
415,20777,20750
416,20828,20800
417,20872,20850
418,20919,20900
419,20969,20950
420,21018,21000
421,21081,21050
422,21128,21100
423,21178,21150
424,21224,21200
425,21273,21250
426,21319,21300
427,21369,21350
428,21430,21400
429,21478,21450
430,21526,21500
431,21573,21550
432,21618,21600
433,21664,21650
434,21732,21700
435,21776,21750
436,21822,21800
437,21869,21850
438,21918,21900
439,21965,21950
440,22030,22000
441,22075,22050
442,22125,22100
443,22171,22150
444,22221,22200
445,22268,22250
446,22318,22300
447,22365,22350
448,22426,22400
449,22478,22450
450,22523,22500
451,22572,22550
452,22618,22600
453,22668,22650
454,22726,22700
455,22778,22750
456,22822,22800
457,22869,22850
458,22919,22900
459,22965,22950
460,23031,23000
461,23076,23050
462,23122,23100
463,23168,23150
464,23218,23200
465,23281,23250
466,23327,23300
467,23372,23350
468,23418,23400
469,23469,23450
470,23531,23500
471,23576,23550
472,23622,23600
473,23667,23650
474,23720,23700
475,23780,23750
476,23828,23800
477,23872,23850
478,23919,23900
479,23969,23950
480,24031,24000
481,24076,24050
482,24123,24100
483,24173,24150
484,24220,24200
485,24278,24250
486,24327,24300
487,24373,24350
488,24422,24400
489,24470,24450
490,24515,24500
491,24581,24550
492,24628,24600
493,24673,24650
494,24723,24700
495,24770,24750
496,24819,24800
497,24866,24850
498,24928,24900
499,24979,24950
